{"name":"17d352b9-24f2-4faf-96bb-1c2c58ff2b15","id":"/providers/Microsoft.Flow/flows/17d352b9-24f2-4faf-96bb-1c2c58ff2b15","type":"Microsoft.Flow/flows","properties":{"apiId":"/providers/Microsoft.PowerApps/apis/shared_logicflows","displayName":"RPA Project 05 - AD Password - Schedule","definition":{"metadata":{"workflowEntityId":null,"processAdvisorMetadata":null,"flowclientsuspensionreason":"AllActionsFailingDetected","flowclientsuspensionreasondetails":null,"flowclientsuspensiontime":"2022-11-30T18:14:36.713421Z","creator":{"id":"dd366e57-13bb-4417-85e2-1701d41661ed","type":"User","tenantId":"5dbf1add-202a-4b8d-815b-bf0fb024e033"},"provisioningMethod":"FromDefinition","failureAlertSubscription":true,"clientLastModifiedTime":"2022-11-30T18:14:36.713421Z"},"$schema":"https://schema.management.azure.com/providers/Microsoft.Logic/schemas/2016-06-01/workflowdefinition.json#","contentVersion":"1.0.0.0","parameters":{"$connections":{"defaultValue":{},"type":"Object"},"$authentication":{"defaultValue":{},"type":"SecureObject"}},"triggers":{"Recurrence":{"recurrence":{"frequency":"Day","interval":1,"timeZone":"E. South America Standard Time","startTime":"2022-10-12T13:00:00Z","schedule":{"hours":["5"]}},"metadata":{"operationMetadataId":"fdbde5cd-eb9b-4d5e-b8ac-6c24d551c34f"},"type":"Recurrence"}},"actions":{"List_Input_Folder":{"runAfter":{},"metadata":{"%252fRPA%2bSupport%252fAD%2bPassword":"/RPA Support/AD Password","operationMetadataId":"cbe0f4ac-4397-450c-9aca-fb287e872825","%252fShared%2bDocuments%252fRPA%2bSupport%252fAD%2bPassword":"/Shared Documents/RPA Support/AD Password","%252fShared%2bDocuments%252fRPA%2bSupport%252fPowerAutomate%252fProject%2b05%2b-%2bAD%2bPassword%2bExpiration%2bDate%252fInputs":"/Shared Documents/RPA Support/PowerAutomate/Project 05 - AD Password Expiration Date/Inputs"},"type":"OpenApiConnection","inputs":{"host":{"apiId":"/providers/Microsoft.PowerApps/apis/shared_sharepointonline","connectionName":"shared_sharepointonline","operationId":"ListFolder"},"parameters":{"dataset":"https://healthineers.sharepoint.com/teams/RPA","id":"%252fShared%2bDocuments%252fRPA%2bSupport%252fPowerAutomate%252fProject%2b05%2b-%2bAD%2bPassword%2bExpiration%2bDate%252fInputs"},"authentication":"@parameters('$authentication')"}},"Initialize_SortedArray":{"runAfter":{"Initialize_UnsortedArray":["Succeeded"]},"metadata":{"operationMetadataId":"af84e4a2-9f64-47b7-b358-a5503d3edb07"},"type":"InitializeVariable","inputs":{"variables":[{"name":"SortedArray","type":"array","value":[]}]}},"Initialize_UnsortedArray":{"runAfter":{"Select_arrFiles_-_Name":["Succeeded"]},"metadata":{"operationMetadataId":"e87aab84-970b-452f-a043-2ea6c4a5d5f4"},"type":"InitializeVariable","inputs":{"variables":[{"name":"UnsortedArray","type":"array","value":"@body('Select_arrFiles_-_Name')"}]}},"Filter_Array_Folder":{"runAfter":{"List_Input_Folder":["Succeeded"]},"metadata":{"operationMetadataId":"cf82a617-cdca-42ed-9751-84ce2bbc0692"},"type":"Query","inputs":{"from":"@body('List_Input_Folder')","where":"@and(equals(item()?['IsFolder'], false),startsWith(item()?['Name'], 'AD_Updated '),endswith(item()?['Name'], '.xlsx'))"}},"Initialize_arrFiles":{"runAfter":{"Filter_Array_Folder":["Succeeded"]},"metadata":{"operationMetadataId":"721db53b-48bf-4ab1-878d-226abcb2d492"},"type":"InitializeVariable","inputs":{"variables":[{"name":"arrFiles","type":"array","value":"@body('Filter_Array_Folder')"}]}},"Select_arrFiles_-_Name":{"runAfter":{"Initialize_arrFiles":["Succeeded"]},"metadata":{"operationMetadataId":"7147c36e-08fc-4969-9320-cf3988d00e4d"},"type":"Select","inputs":{"from":"@variables('arrFiles')","select":{"name":"@item()['Name']"}}},"Initialize_LastFile":{"runAfter":{"Sort_Ascending_arrFiles":["Succeeded"]},"metadata":{"operationMetadataId":"f5a92c4c-89db-466d-afdd-2fb7a4a34398"},"type":"InitializeVariable","inputs":{"variables":[{"name":"LastFile","type":"string","value":"@{last(variables('SortedArray'))}"}]}},"Sort_Ascending_arrFiles":{"actions":{"Apply_to_each":{"foreach":"@variables('UnsortedArray')","actions":{"Filter_array_-_Less_than_or_equal_to":{"runAfter":{},"metadata":{"operationMetadataId":"de5f302a-36fe-497b-bdc1-c3ed2dbef67e"},"type":"Query","inputs":{"from":"@variables('SortedArray')","where":"@lessOrEquals(string(item()), string(items('Apply_to_each')))"}},"Filter_array_-_Is_greater_than":{"runAfter":{"Filter_array_-_Less_than_or_equal_to":["Succeeded"]},"metadata":{"operationMetadataId":"3dfea991-06ee-40ad-9e45-b64dd833ee69"},"type":"Query","inputs":{"from":"@variables('SortedArray')","where":"@greater(string(item()), string(items('Apply_to_each')))"}},"Set_SortedArray":{"runAfter":{"Filter_array_-_Is_greater_than":["Succeeded"]},"metadata":{"operationMetadataId":"4a477537-1357-48fc-a098-555452350ad4"},"type":"SetVariable","inputs":{"name":"SortedArray","value":"@union(body('Filter_array_-_Less_than_or_equal_to'),createArray(items('Apply_to_each')), body('Filter_array_-_Is_greater_than'))"}}},"runAfter":{},"metadata":{"operationMetadataId":"4c171746-f12e-410c-b317-f32fe7cf204a"},"type":"Foreach"}},"runAfter":{"Initialize_SortedArray":["Succeeded"]},"metadata":{"operationMetadataId":"5b6aa71a-ed35-4be3-b040-e0c68f586770"},"type":"Scope"},"List_rows_present_in_the_LastFile":{"runAfter":{"Initialize_LastFile":["Succeeded"]},"metadata":{"operationMetadataId":"984f0556-1fa2-4b0f-85f5-843472b6322d","tableId":"Table1"},"type":"OpenApiConnection","inputs":{"host":{"apiId":"/providers/Microsoft.PowerApps/apis/shared_excelonlinebusiness","connectionName":"shared_excelonlinebusiness","operationId":"GetItems"},"parameters":{"source":"groups/bf3c82dc-d77e-408b-95eb-653507227755","drive":"b!rRnMW2XEKEaPOTZIgUhd0sL_swLcgBxNtI4Jpn1usPl9piGZokmsQbz5SEH5LZbX","file":"@concat('Shared Documents/RPA Support/PowerAutomate/Project 05 - AD Password Expiration Date/Inputs/',replace(replace(variables('LastFile'),'{\"name\":\"',''),'\"}','')\r\n)","table":"Table1","$orderby":"RemainingDays"},"authentication":"@parameters('$authentication')"}},"Filter_RemainingDays":{"runAfter":{"List_rows_present_in_the_LastFile":["Succeeded"]},"metadata":{"operationMetadataId":"c8a2f80b-a1e6-4142-9a08-fe9294dfd76a"},"type":"Query","inputs":{"from":"@outputs('List_rows_present_in_the_LastFile')?['body/value']","where":"@lessOrEquals(int(item()?['RemainingDays']), 5)"},"description":" Se por acaso a tabela filtrar os remaningsdays errados - Aumentar o valor para 6"},"Selected_Filtered_Table":{"runAfter":{"Check_RemainingDays_Empty":["Succeeded"]},"metadata":{"operationMetadataId":"4ff52d42-de5f-4c3d-bdf6-0071fb8123ba"},"type":"Select","inputs":{"from":"@body('Filter_RemainingDays')","select":{"GID":"@item()?['samaccountname']","Name":"@item()?['GivenName']","RemainingDays":"@int(item()?['RemainingDays'])"}},"description":" Se a tabela estiver pegando errado adicionar a expressão \"sub(int(item()?['RemainingDays']),1)\" - Sem aspas no campo \"RemainingDays\""},"Create_HTML_table":{"runAfter":{"Selected_Filtered_Table":["Succeeded"]},"metadata":{"operationMetadataId":"1e2b23d4-6f0b-4b59-90aa-e5fda5d97759"},"type":"Table","inputs":{"from":"@body('Selected_Filtered_Table')","format":"HTML"}},"Style":{"runAfter":{"Create_HTML_table":["Succeeded"]},"metadata":{"operationMetadataId":"ad57bc79-8e0d-45cb-8f9e-efd99fcd1dad"},"type":"Compose","inputs":"<style>\ntable {\n  width: 70%;\n  background-color: #FFFFFF;\n  border-collapse: collapse;\n  border-width: 2px;\n  border-color: #182352;\n  border-style: outset;\n  color: #000000;\n  text-align: center;\n}\n\ntable td, table th {\n  border-width: 2px;\n  border-color: #182352;\n  border-style: outset;\n  padding: 5px;\n}\ntable tbody td{\n font-size: 13px;\n}\ntable thead {\n  background-color: #182352;\n}\ntable thead th{\n font-size: 15px;\n font-weight: bold;\n color: #FFFFFF\n}\ntable thead th:first-child{\n border-left: none;\n}\n\n</style>"},"Send_an_email_(V2)":{"runAfter":{"Get_file_content_using_path":["Succeeded"]},"metadata":{"operationMetadataId":"7da9b6b1-dae9-4cba-97e9-f2d0f60935c5"},"type":"OpenApiConnection","inputs":{"host":{"apiId":"/providers/Microsoft.PowerApps/apis/shared_office365","connectionName":"shared_office365","operationId":"SendEmailV2"},"parameters":{"emailMessage/To":"rpa-service.func@siemens-healthineers.com","emailMessage/Subject":"AD Password Alert - 5 Days Or Less ","emailMessage/Body":"<p><span style=\"font-family: arial\">Hi Team,<br>\nThis is your daily reminder of passwords that have already expired and/or will expire in </span><span style=\"font-family: arial\"><u>5 days or less.</u></span><span style=\"font-family: arial\"><br>\nThe complete list of the Active Directory Orchestrator Users is on the file is available as an attachment.</span><span style=\"font-family: tahoma\"><br>\n</span><br>\n@{outputs('Style')}@{body('Create_HTML_table')}<br>\nBest Regards,<br>\nRPA Support Team</p>","emailMessage/Attachments":[{"Name":"@replace(replace(variables('LastFile'),'{\"name\":\"',''),'\"}','')","ContentBytes":"@body('Get_file_content_using_path')"}],"emailMessage/Importance":"Normal"},"authentication":"@parameters('$authentication')"}},"Check_RemainingDays_Empty":{"actions":{},"runAfter":{"Filter_RemainingDays":["Succeeded"]},"else":{"actions":{"Cancel":{"runAfter":{},"metadata":{"operationMetadataId":"4ba9bbb7-0ef0-4bb2-8efe-f73fe51527e4"},"type":"Terminate","inputs":{"runStatus":"Cancelled"}}}},"expression":{"equals":["@empty(body('Filter_RemainingDays'))","@false"]},"metadata":{"operationMetadataId":"5251c809-0455-4247-ad0e-58f6b9d0ef65"},"type":"If"},"Get_file_content_using_path":{"runAfter":{"Style":["Succeeded"]},"metadata":{"operationMetadataId":"f8e8c961-dfe3-44a4-8ae6-35ced26e9f81"},"type":"OpenApiConnection","inputs":{"host":{"apiId":"/providers/Microsoft.PowerApps/apis/shared_sharepointonline","connectionName":"shared_sharepointonline","operationId":"GetFileContentByPath"},"parameters":{"dataset":"https://healthineers.sharepoint.com/teams/RPA","path":"@concat('Shared Documents/RPA Support/PowerAutomate/Project 05 - AD Password Expiration Date/Inputs/',replace(replace(variables('LastFile'),'{\"name\":\"',''),'\"}','')\r\n)","inferContentType":true},"authentication":"@parameters('$authentication')"}}},"outputs":{}},"connectionReferences":{"shared_sharepointonline":{"connectionName":"shared-sharepointonl-5150babc-6d46-4dcd-ae38-97dd7b8613f1","source":"Embedded","id":"/providers/Microsoft.PowerApps/apis/shared_sharepointonline","tier":"NotSpecified"},"shared_excelonlinebusiness":{"connectionName":"shared-excelonlinebu-44cc4199-fe22-41ae-b2d4-14db410340fc","source":"Embedded","id":"/providers/Microsoft.PowerApps/apis/shared_excelonlinebusiness","tier":"NotSpecified"},"shared_office365":{"connectionName":"shared-office365-d628c662-a7c4-4b0a-9e30-a16cfad5ae9f","source":"Embedded","id":"/providers/Microsoft.PowerApps/apis/shared_office365","tier":"NotSpecified"}},"flowFailureAlertSubscribed":false,"isManaged":false}}